[{"model": "auth.permission", "pk": 1, "fields": {"name": "Can add log entry", "content_type": 1, "codename": "add_logentry"}}, {"model": "auth.permission", "pk": 2, "fields": {"name": "Can change log entry", "content_type": 1, "codename": "change_logentry"}}, {"model": "auth.permission", "pk": 3, "fields": {"name": "Can delete log entry", "content_type": 1, "codename": "delete_logentry"}}, {"model": "auth.permission", "pk": 4, "fields": {"name": "Can view log entry", "content_type": 1, "codename": "view_logentry"}}, {"model": "auth.permission", "pk": 5, "fields": {"name": "Can add permission", "content_type": 2, "codename": "add_permission"}}, {"model": "auth.permission", "pk": 6, "fields": {"name": "Can change permission", "content_type": 2, "codename": "change_permission"}}, {"model": "auth.permission", "pk": 7, "fields": {"name": "Can delete permission", "content_type": 2, "codename": "delete_permission"}}, {"model": "auth.permission", "pk": 8, "fields": {"name": "Can view permission", "content_type": 2, "codename": "view_permission"}}, {"model": "auth.permission", "pk": 9, "fields": {"name": "Can add group", "content_type": 3, "codename": "add_group"}}, {"model": "auth.permission", "pk": 10, "fields": {"name": "Can change group", "content_type": 3, "codename": "change_group"}}, {"model": "auth.permission", "pk": 11, "fields": {"name": "Can delete group", "content_type": 3, "codename": "delete_group"}}, {"model": "auth.permission", "pk": 12, "fields": {"name": "Can view group", "content_type": 3, "codename": "view_group"}}, {"model": "auth.permission", "pk": 13, "fields": {"name": "Can add content type", "content_type": 4, "codename": "add_contenttype"}}, {"model": "auth.permission", "pk": 14, "fields": {"name": "Can change content type", "content_type": 4, "codename": "change_contenttype"}}, {"model": "auth.permission", "pk": 15, "fields": {"name": "Can delete content type", "content_type": 4, "codename": "delete_contenttype"}}, {"model": "auth.permission", "pk": 16, "fields": {"name": "Can view content type", "content_type": 4, "codename": "view_contenttype"}}, {"model": "auth.permission", "pk": 17, "fields": {"name": "Can add session", "content_type": 5, "codename": "add_session"}}, {"model": "auth.permission", "pk": 18, "fields": {"name": "Can change session", "content_type": 5, "codename": "change_session"}}, {"model": "auth.permission", "pk": 19, "fields": {"name": "Can delete session", "content_type": 5, "codename": "delete_session"}}, {"model": "auth.permission", "pk": 20, "fields": {"name": "Can view session", "content_type": 5, "codename": "view_session"}}, {"model": "auth.permission", "pk": 21, "fields": {"name": "Can add announcement", "content_type": 6, "codename": "add_announcement"}}, {"model": "auth.permission", "pk": 22, "fields": {"name": "Can change announcement", "content_type": 6, "codename": "change_announcement"}}, {"model": "auth.permission", "pk": 23, "fields": {"name": "Can delete announcement", "content_type": 6, "codename": "delete_announcement"}}, {"model": "auth.permission", "pk": 24, "fields": {"name": "Can view announcement", "content_type": 6, "codename": "view_announcement"}}, {"model": "auth.permission", "pk": 25, "fields": {"name": "Can add user", "content_type": 7, "codename": "add_customuser"}}, {"model": "auth.permission", "pk": 26, "fields": {"name": "Can change user", "content_type": 7, "codename": "change_customuser"}}, {"model": "auth.permission", "pk": 27, "fields": {"name": "Can delete user", "content_type": 7, "codename": "delete_customuser"}}, {"model": "auth.permission", "pk": 28, "fields": {"name": "Can view user", "content_type": 7, "codename": "view_customuser"}}, {"model": "auth.permission", "pk": 29, "fields": {"name": "Can add design", "content_type": 8, "codename": "add_design"}}, {"model": "auth.permission", "pk": 30, "fields": {"name": "Can change design", "content_type": 8, "codename": "change_design"}}, {"model": "auth.permission", "pk": 31, "fields": {"name": "Can delete design", "content_type": 8, "codename": "delete_design"}}, {"model": "auth.permission", "pk": 32, "fields": {"name": "Can view design", "content_type": 8, "codename": "view_design"}}, {"model": "auth.permission", "pk": 33, "fields": {"name": "Can add chart", "content_type": 9, "codename": "add_chart"}}, {"model": "auth.permission", "pk": 34, "fields": {"name": "Can change chart", "content_type": 9, "codename": "change_chart"}}, {"model": "auth.permission", "pk": 35, "fields": {"name": "Can delete chart", "content_type": 9, "codename": "delete_chart"}}, {"model": "auth.permission", "pk": 36, "fields": {"name": "Can view chart", "content_type": 9, "codename": "view_chart"}}, {"model": "auth.permission", "pk": 37, "fields": {"name": "Can add notification", "content_type": 10, "codename": "add_notification"}}, {"model": "auth.permission", "pk": 38, "fields": {"name": "Can change notification", "content_type": 10, "codename": "change_notification"}}, {"model": "auth.permission", "pk": 39, "fields": {"name": "Can delete notification", "content_type": 10, "codename": "delete_notification"}}, {"model": "auth.permission", "pk": 40, "fields": {"name": "Can view notification", "content_type": 10, "codename": "view_notification"}}, {"model": "auth.permission", "pk": 41, "fields": {"name": "Can add order", "content_type": 11, "codename": "add_order"}}, {"model": "auth.permission", "pk": 42, "fields": {"name": "Can change order", "content_type": 11, "codename": "change_order"}}, {"model": "auth.permission", "pk": 43, "fields": {"name": "Can delete order", "content_type": 11, "codename": "delete_order"}}, {"model": "auth.permission", "pk": 44, "fields": {"name": "Can view order", "content_type": 11, "codename": "view_order"}}, {"model": "auth.permission", "pk": 45, "fields": {"name": "Can add post", "content_type": 12, "codename": "add_post"}}, {"model": "auth.permission", "pk": 46, "fields": {"name": "Can change post", "content_type": 12, "codename": "change_post"}}, {"model": "auth.permission", "pk": 47, "fields": {"name": "Can delete post", "content_type": 12, "codename": "delete_post"}}, {"model": "auth.permission", "pk": 48, "fields": {"name": "Can view post", "content_type": 12, "codename": "view_post"}}, {"model": "auth.permission", "pk": 49, "fields": {"name": "Can add comment", "content_type": 13, "codename": "add_comment"}}, {"model": "auth.permission", "pk": 50, "fields": {"name": "Can change comment", "content_type": 13, "codename": "change_comment"}}, {"model": "auth.permission", "pk": 51, "fields": {"name": "Can delete comment", "content_type": 13, "codename": "delete_comment"}}, {"model": "auth.permission", "pk": 52, "fields": {"name": "Can view comment", "content_type": 13, "codename": "view_comment"}}, {"model": "auth.permission", "pk": 53, "fields": {"name": "Can add report", "content_type": 14, "codename": "add_report"}}, {"model": "auth.permission", "pk": 54, "fields": {"name": "Can change report", "content_type": 14, "codename": "change_report"}}, {"model": "auth.permission", "pk": 55, "fields": {"name": "Can delete report", "content_type": 14, "codename": "delete_report"}}, {"model": "auth.permission", "pk": 56, "fields": {"name": "Can view report", "content_type": 14, "codename": "view_report"}}, {"model": "auth.permission", "pk": 57, "fields": {"name": "Can add user discount", "content_type": 15, "codename": "add_userdiscount"}}, {"model": "auth.permission", "pk": 58, "fields": {"name": "Can change user discount", "content_type": 15, "codename": "change_userdiscount"}}, {"model": "auth.permission", "pk": 59, "fields": {"name": "Can delete user discount", "content_type": 15, "codename": "delete_userdiscount"}}, {"model": "auth.permission", "pk": 60, "fields": {"name": "Can view user discount", "content_type": 15, "codename": "view_userdiscount"}}, {"model": "auth.permission", "pk": 61, "fields": {"name": "Can add like", "content_type": 16, "codename": "add_like"}}, {"model": "auth.permission", "pk": 62, "fields": {"name": "Can change like", "content_type": 16, "codename": "change_like"}}, {"model": "auth.permission", "pk": 63, "fields": {"name": "Can delete like", "content_type": 16, "codename": "delete_like"}}, {"model": "auth.permission", "pk": 64, "fields": {"name": "Can view like", "content_type": 16, "codename": "view_like"}}, {"model": "auth.permission", "pk": 65, "fields": {"name": "Can add favorite", "content_type": 17, "codename": "add_favorite"}}, {"model": "auth.permission", "pk": 66, "fields": {"name": "Can change favorite", "content_type": 17, "codename": "change_favorite"}}, {"model": "auth.permission", "pk": 67, "fields": {"name": "Can delete favorite", "content_type": 17, "codename": "delete_favorite"}}, {"model": "auth.permission", "pk": 68, "fields": {"name": "Can view favorite", "content_type": 17, "codename": "view_favorite"}}, {"model": "auth.permission", "pk": 69, "fields": {"name": "Can add phone model", "content_type": 18, "codename": "add_phonemodel"}}, {"model": "auth.permission", "pk": 70, "fields": {"name": "Can change phone model", "content_type": 18, "codename": "change_phonemodel"}}, {"model": "auth.permission", "pk": 71, "fields": {"name": "Can delete phone model", "content_type": 18, "codename": "delete_phonemodel"}}, {"model": "auth.permission", "pk": 72, "fields": {"name": "Can view phone model", "content_type": 18, "codename": "view_phonemodel"}}, {"model": "auth.permission", "pk": 73, "fields": {"name": "Can add phone product", "content_type": 19, "codename": "add_phoneproduct"}}, {"model": "auth.permission", "pk": 74, "fields": {"name": "Can change phone product", "content_type": 19, "codename": "change_phoneproduct"}}, {"model": "auth.permission", "pk": 75, "fields": {"name": "Can delete phone product", "content_type": 19, "codename": "delete_phoneproduct"}}, {"model": "auth.permission", "pk": 76, "fields": {"name": "Can view phone product", "content_type": 19, "codename": "view_phoneproduct"}}, {"model": "contenttypes.contenttype", "pk": 1, "fields": {"app_label": "admin", "model": "logentry"}}, {"model": "contenttypes.contenttype", "pk": 2, "fields": {"app_label": "auth", "model": "permission"}}, {"model": "contenttypes.contenttype", "pk": 3, "fields": {"app_label": "auth", "model": "group"}}, {"model": "contenttypes.contenttype", "pk": 4, "fields": {"app_label": "contenttypes", "model": "contenttype"}}, {"model": "contenttypes.contenttype", "pk": 5, "fields": {"app_label": "sessions", "model": "session"}}, {"model": "contenttypes.contenttype", "pk": 6, "fields": {"app_label": "api", "model": "announcement"}}, {"model": "contenttypes.contenttype", "pk": 7, "fields": {"app_label": "api", "model": "customuser"}}, {"model": "contenttypes.contenttype", "pk": 8, "fields": {"app_label": "api", "model": "design"}}, {"model": "contenttypes.contenttype", "pk": 9, "fields": {"app_label": "api", "model": "chart"}}, {"model": "contenttypes.contenttype", "pk": 10, "fields": {"app_label": "api", "model": "notification"}}, {"model": "contenttypes.contenttype", "pk": 11, "fields": {"app_label": "api", "model": "order"}}, {"model": "contenttypes.contenttype", "pk": 12, "fields": {"app_label": "api", "model": "post"}}, {"model": "contenttypes.contenttype", "pk": 13, "fields": {"app_label": "api", "model": "comment"}}, {"model": "contenttypes.contenttype", "pk": 14, "fields": {"app_label": "api", "model": "report"}}, {"model": "contenttypes.contenttype", "pk": 15, "fields": {"app_label": "api", "model": "userdiscount"}}, {"model": "contenttypes.contenttype", "pk": 16, "fields": {"app_label": "api", "model": "like"}}, {"model": "contenttypes.contenttype", "pk": 17, "fields": {"app_label": "api", "model": "favorite"}}, {"model": "contenttypes.contenttype", "pk": 18, "fields": {"app_label": "api", "model": "phonemodel"}}, {"model": "contenttypes.contenttype", "pk": 19, "fields": {"app_label": "api", "model": "phoneproduct"}}, {"model": "api.post", "pk": 1, "fields": {"user": 1, "design": 1, "caption": "first design by the admin", "description": "nothing for now tbh", "created_at": "2025-02-06T12:27:53.018Z"}}, {"model": "api.post", "pk": 3, "fields": {"user": 1, "design": 9, "caption": "RICKKK", "description": "DEMN MORTY", "created_at": "2025-02-06T12:54:49.345Z"}}, {"model": "api.post", "pk": 4, "fields": {"user": 1, "design": 6, "caption": "NEWYOURK CITY", "description": "SPIDYYYYYYYYY", "created_at": "2025-02-06T12:55:51.890Z"}}, {"model": "api.post", "pk": 5, "fields": {"user": 2, "design": 13, "caption": "JUST JERRY", "description": "BOhooo", "created_at": "2025-02-06T12:57:45.281Z"}}, {"model": "api.post", "pk": 6, "fields": {"user": 2, "design": 14, "caption": "SOME MOTIVATION", "description": "DO NOT STOP", "created_at": "2025-02-06T12:58:46.569Z"}}, {"model": "api.post", "pk": 7, "fields": {"user": 3, "design": 15, "caption": "CHILL AGAIN", "description": "LOL", "created_at": "2025-02-06T13:01:28.970Z"}}, {"model": "api.post", "pk": 8, "fields": {"user": 4, "design": 17, "caption": "frog", "description": "gg", "created_at": "2025-02-06T13:04:57.281Z"}}, {"model": "api.post", "pk": 9, "fields": {"user": 2, "design": 18, "caption": "deadpool hanging", "description": "fav superhero", "created_at": "2025-02-09T17:24:42.327Z"}}, {"model": "api.post", "pk": 10, "fields": {"user": 2, "design": 19, "caption": "IRONNNNNNNNNN", "description": "iron mannnyy", "created_at": "2025-02-09T17:26:13.979Z"}}, {"model": "api.post", "pk": 11, "fields": {"user": 4, "design": 20, "caption": "ducky duck", "description": "hahahah", "created_at": "2025-02-09T17:32:35.950Z"}}, {"model": "api.post", "pk": 13, "fields": {"user": 5, "design": 21, "caption": "cold type shi", "description": "nikoteen", "created_at": "2025-02-09T17:47:45.288Z"}}, {"model": "api.post", "pk": 14, "fields": {"user": 5, "design": 22, "caption": "another spidy", "description": "asdfasdf", "created_at": "2025-02-09T17:52:42.326Z"}}, {"model": "api.post", "pk": 16, "fields": {"user": 1, "design": 4, "caption": "musashi type shi", "description": "invincible under the sun ", "created_at": "2025-02-09T17:56:26.936Z"}}, {"model": "api.post", "pk": 17, "fields": {"user": 2, "design": 25, "caption": "THE DEADpool", "description": "sub", "created_at": "2025-02-09T18:01:57.071Z"}}, {"model": "api.post", "pk": 18, "fields": {"user": 2, "design": 26, "caption": "vibeessssss", "description": "SEseSESseseSE", "created_at": "2025-02-09T18:03:33.086Z"}}, {"model": "api.post", "pk": 19, "fields": {"user": 2, "design": 27, "caption": "just loki", "description": "fuck THOR", "created_at": "2025-02-09T18:06:22.901Z"}}, {"model": "api.post", "pk": 20, "fields": {"user": 1, "design": 28, "caption": "do not smile ", "description": "hee77", "created_at": "2025-02-09T18:09:05.617Z"}}, {"model": "api.post", "pk": 21, "fields": {"user": 1, "design": 29, "caption": "VENOM", "description": "WE ARE VENOM", "created_at": "2025-02-09T18:10:01.135Z"}}, {"model": "api.post", "pk": 23, "fields": {"user": 1, "design": 31, "caption": "mot222", "description": "aaaaaaaaaaaaaaaaa", "created_at": "2025-06-03T10:03:28.883Z"}}, {"model": "api.design", "pk": 1, "fields": {"image_url": "https://res.cloudinary.com/daalfrqob/image/upload/v1738844688/blob_abm8sp.png", "user": 1, "stock": true, "modell": "iphone 15", "type": "customed rubber case", "sku": "PremiumPhoneCase-iPhone-15-ToughCaseGloss", "price": "30.00", "theclass": "Floral & Botanical", "created_at": "2025-02-06T12:24:49.243Z"}}, {"model": "api.design", "pk": 2, "fields": {"image_url": "https://res.cloudinary.com/daalfrqob/image/upload/v1738844800/blob_i4ilbb.png", "user": 1, "stock": true, "modell": "iphone 14 plus", "type": "customed rubber case", "sku": "PremiumPhoneCase-iPhone-14-Plus-SnapCaseGloss", "price": "30.00", "theclass": "Funny & Meme-Based", "created_at": "2025-02-06T12:26:40.971Z"}}, {"model": "api.design", "pk": 4, "fields": {"image_url": "https://res.cloudinary.com/daalfrqob/image/upload/v1738845356/blob_ucogn2.png", "user": 1, "stock": false, "modell": "samsung galaxy s23", "type": "customed clear case", "sku": "none", "price": "30.00", "theclass": "Dark & Gothic", "created_at": "2025-02-06T12:35:57.122Z"}}, {"model": "api.design", "pk": 5, "fields": {"image_url": "https://res.cloudinary.com/daalfrqob/image/upload/v1738845441/blob_bnkt7u.png", "user": 1, "stock": true, "modell": "iphone 14 pro max", "type": "customed rubber case", "sku": "PremiumPhoneCase-iPhone-14-Pro-Max-ToughCaseGloss", "price": "30.00", "theclass": "Abstract & Minimalist", "created_at": "2025-02-06T12:37:22.396Z"}}, {"model": "api.design", "pk": 6, "fields": {"image_url": "https://res.cloudinary.com/daalfrqob/image/upload/v1738845516/blob_xnmqkb.png", "user": 1, "stock": false, "modell": "iphone 14", "type": "customed clear case", "sku": "none", "price": "30.00", "theclass": "Abstract & Minimalist", "created_at": "2025-02-06T12:38:37.161Z"}}, {"model": "api.design", "pk": 7, "fields": {"image_url": "https://res.cloudinary.com/daalfrqob/image/upload/v1738845583/blob_kmrq61.png", "user": 1, "stock": false, "modell": "iphone 12 pro", "type": "customed clear case", "sku": "none", "price": "30.00", "theclass": "Pop Culture & Music", "created_at": "2025-02-06T12:39:44.032Z"}}, {"model": "api.design", "pk": 8, "fields": {"image_url": "https://res.cloudinary.com/daalfrqob/image/upload/v1738845674/blob_qyf4z8.png", "user": 1, "stock": true, "modell": "iphone 15 pro max", "type": "customed rubber case", "sku": "PremiumPhoneCase-iPhone-15-Pro-Max-ToughCaseGloss", "price": "30.00", "theclass": "Pop Culture & Music", "created_at": "2025-02-06T12:41:15.064Z"}}, {"model": "api.design", "pk": 9, "fields": {"image_url": "https://res.cloudinary.com/daalfrqob/image/upload/v1738845928/blob_ovteq0.png", "user": 1, "stock": false, "modell": "iphone 12 pro max", "type": "customed clear case", "sku": "none", "price": "30.00", "theclass": "Abstract & Minimalist", "created_at": "2025-02-06T12:45:29.117Z"}}, {"model": "api.design", "pk": 10, "fields": {"image_url": "https://res.cloudinary.com/daalfrqob/image/upload/v1738846119/blob_xawxji.png", "user": 3, "stock": false, "modell": "iphone 12 mini", "type": "customed clear case", "sku": "none", "price": "30.00", "theclass": "Cartoons & Animated Characters", "created_at": "2025-02-06T12:48:40.384Z"}}, {"model": "api.design", "pk": 11, "fields": {"image_url": "https://res.cloudinary.com/daalfrqob/image/upload/v1738846321/blob_nu15ti.png", "user": 1, "stock": false, "modell": "iphone 14", "type": "customed rubber case", "sku": "PremiumPhoneCase-iPhone-14-SnapCaseGloss", "price": "30.00", "theclass": "Extreme Sports", "created_at": "2025-02-06T12:52:01.735Z"}}, {"model": "api.design", "pk": 12, "fields": {"image_url": "https://res.cloudinary.com/daalfrqob/image/upload/v1738846437/blob_tohbbg.png", "user": 1, "stock": false, "modell": "iphone 14", "type": "customed clear case", "sku": "none", "price": "30.00", "theclass": "Football & Basketball", "created_at": "2025-02-06T12:53:58.093Z"}}, {"model": "api.design", "pk": 13, "fields": {"image_url": "https://res.cloudinary.com/daalfrqob/image/upload/v1738846650/blob_lsovk0.png", "user": 2, "stock": false, "modell": "iphone 14", "type": "customed rubber case", "sku": "PremiumPhoneCase-iPhone-14-SnapCaseGloss", "price": "30.00", "theclass": "Cartoons & Animated Characters", "created_at": "2025-02-06T12:57:30.722Z"}}, {"model": "api.design", "pk": 14, "fields": {"image_url": "https://res.cloudinary.com/daalfrqob/image/upload/v1738846709/blob_ay8etw.png", "user": 2, "stock": false, "modell": "iphone 13 pro max", "type": "customed clear case", "sku": "none", "price": "30.00", "theclass": "Motivational & Inspirational", "created_at": "2025-02-06T12:58:30.485Z"}}, {"model": "api.design", "pk": 15, "fields": {"image_url": "https://res.cloudinary.com/daalfrqob/image/upload/v1738846865/blob_kbmaly.png", "user": 3, "stock": false, "modell": "iphone 14", "type": "customed clear case", "sku": "none", "price": "30.00", "theclass": "Funny & Meme-Based", "created_at": "2025-02-06T13:01:05.644Z"}}, {"model": "api.design", "pk": 17, "fields": {"image_url": "https://res.cloudinary.com/daalfrqob/image/upload/v1738847083/blob_cgjcsr.png", "user": 4, "stock": false, "modell": "iphone 14", "type": "customed rubber case", "sku": "PremiumPhoneCase-iPhone-14-SnapCaseGloss", "price": "30.00", "theclass": "Wildlife & Exotic Animals", "created_at": "2025-02-06T13:04:44.055Z"}}, {"model": "api.design", "pk": 18, "fields": {"image_url": "https://res.cloudinary.com/daalfrqob/image/upload/v1739121806/blob_cvgue8.png", "user": 2, "stock": false, "modell": "samsung a34", "type": "customed clear case", "sku": "none", "price": "30.00", "theclass": "Funny & Meme-Based", "created_at": "2025-02-09T17:23:28.476Z"}}, {"model": "api.design", "pk": 19, "fields": {"image_url": "https://res.cloudinary.com/daalfrqob/image/upload/v1739121941/blob_pffx5g.png", "user": 2, "stock": true, "modell": "iphone 14 pro max", "type": "customed rubber case", "sku": "PremiumPhoneCase-iPhone-14-Pro-Max-ToughCaseGloss", "price": "30.00", "theclass": "Extreme Sports", "created_at": "2025-02-09T17:25:44.166Z"}}, {"model": "api.design", "pk": 20, "fields": {"image_url": "https://res.cloudinary.com/daalfrqob/image/upload/v1739122334/blob_q0qbq0.png", "user": 4, "stock": false, "modell": "iphone 13 pro max", "type": "customed clear case", "sku": "none", "price": "30.00", "theclass": "Funny & Meme-Based", "created_at": "2025-02-09T17:32:16.837Z"}}, {"model": "api.design", "pk": 21, "fields": {"image_url": "https://res.cloudinary.com/daalfrqob/image/upload/v1739122919/blob_wmxr5k.png", "user": 5, "stock": false, "modell": "iphone 14", "type": "customed rubber case", "sku": "PremiumPhoneCase-iPhone-14-SnapCaseGloss", "price": "30.00", "theclass": "Anime & Manga", "created_at": "2025-02-09T17:42:01.297Z"}}, {"model": "api.design", "pk": 22, "fields": {"image_url": "https://res.cloudinary.com/daalfrqob/image/upload/v1739123536/blob_kljyhd.png", "user": 5, "stock": true, "modell": "iphone 15 plus", "type": "customed rubber case", "sku": "PremiumPhoneCase-iPhone-15-Plus-ToughCaseGloss", "price": "30.00", "theclass": "Funny & Meme-Based", "created_at": "2025-02-09T17:52:18.631Z"}}, {"model": "api.design", "pk": 25, "fields": {"image_url": "https://res.cloudinary.com/daalfrqob/image/upload/v1739124092/blob_p4jq1g.png", "user": 2, "stock": false, "modell": "samsung galaxy note 8", "type": "customed clear case", "sku": "none", "price": "30.00", "theclass": "Anime & Manga", "created_at": "2025-02-09T18:01:34.011Z"}}, {"model": "api.design", "pk": 26, "fields": {"image_url": "https://res.cloudinary.com/daalfrqob/image/upload/v1739124189/blob_t0shxt.png", "user": 2, "stock": false, "modell": "iphone 14", "type": "customed rubber case", "sku": "PremiumPhoneCase-iPhone-14-SnapCaseGloss", "price": "30.00", "theclass": "Pop Culture & Music", "created_at": "2025-02-09T18:03:11.633Z"}}, {"model": "api.design", "pk": 27, "fields": {"image_url": "https://res.cloudinary.com/daalfrqob/image/upload/v1739124358/blob_q6xwow.png", "user": 2, "stock": false, "modell": "iphone 14", "type": "customed clear case", "sku": "none", "price": "30.00", "theclass": "Cartoons & Animated Characters", "created_at": "2025-02-09T18:06:00.267Z"}}, {"model": "api.design", "pk": 28, "fields": {"image_url": "https://res.cloudinary.com/daalfrqob/image/upload/v1739124513/blob_yxcl54.png", "user": 1, "stock": true, "modell": "iphone 7", "type": "customed clear case", "sku": "none", "price": "30.00", "theclass": "Cartoons & Animated Characters", "created_at": "2025-02-09T18:08:35.492Z"}}, {"model": "api.design", "pk": 29, "fields": {"image_url": "https://res.cloudinary.com/daalfrqob/image/upload/v1739124583/blob_kezkc0.png", "user": 1, "stock": false, "modell": "iphone 14", "type": "customed rubber case", "sku": "PremiumPhoneCase-iPhone-14-SnapCaseGloss", "price": "30.00", "theclass": "Cartoons & Animated Characters", "created_at": "2025-02-09T18:09:44.718Z"}}, {"model": "api.design", "pk": 30, "fields": {"image_url": "https://res.cloudinary.com/daalfrqob/image/upload/v1748925023/blob_irmgnx.png", "user": 3, "stock": true, "modell": "iphone 15", "type": "customed rubber case", "sku": "PremiumPhoneCase-iPhone-15-ToughCaseGloss", "price": "30.00", "theclass": "Abstract & Minimalist", "created_at": "2025-06-03T04:30:24.053Z"}}, {"model": "api.design", "pk": 31, "fields": {"image_url": "https://res.cloudinary.com/daalfrqob/image/upload/v1748944990/blob_d6tsmr.png", "user": 1, "stock": false, "modell": "oppo reno 5 lite", "type": "customed clear case", "sku": "none", "price": "30.00", "theclass": "Motivational & Inspirational", "created_at": "2025-06-03T10:03:11.834Z"}}, {"model": "api.design", "pk": 32, "fields": {"image_url": "https://res.cloudinary.com/daalfrqob/image/upload/v1749101146/blob_z1wlkd.png", "user": 3, "stock": false, "modell": "iphone 14", "type": "customed rubber case", "sku": "PremiumPhoneCase-iPhone-14-SnapCaseGloss", "price": "30.00", "theclass": "Fantasy Creatures", "created_at": "2025-06-05T05:25:46.906Z"}}, {"model": "api.design", "pk": 33, "fields": {"image_url": "https://res.cloudinary.com/daalfrqob/image/upload/v1749116718/blob_at7izs.png", "user": 3, "stock": false, "modell": "iphone 14", "type": "customed rubber case", "sku": "PremiumPhoneCase-iPhone-14-SnapCaseGloss", "price": "30.00", "theclass": "Abstract & Minimalist", "created_at": "2025-06-05T09:45:19.241Z"}}, {"model": "api.design", "pk": 34, "fields": {"image_url": "https://res.cloudinary.com/daalfrqob/image/upload/v1749117066/blob_rbxwze.png", "user": 3, "stock": false, "modell": "iphone 14", "type": "customed rubber case", "sku": "PremiumPhoneCase-iPhone-14-SnapCaseGloss", "price": "30.00", "theclass": "Cartoons & Animated Characters", "created_at": "2025-06-05T09:51:07.707Z"}}, {"model": "api.design", "pk": 35, "fields": {"image_url": "https://res.cloudinary.com/daalfrqob/image/upload/v1749117149/blob_pt98dt.png", "user": 3, "stock": false, "modell": "iphone 14", "type": "customed rubber case", "sku": "PremiumPhoneCase-iPhone-14-SnapCaseGloss", "price": "30.00", "theclass": "Abstract & Minimalist", "created_at": "2025-06-05T09:52:30.170Z"}}, {"model": "api.design", "pk": 36, "fields": {"image_url": "https://res.cloudinary.com/daalfrqob/image/upload/v1749117211/blob_k7s01m.png", "user": 3, "stock": false, "modell": "iphone 14", "type": "customed rubber case", "sku": "PremiumPhoneCase-iPhone-14-SnapCaseGloss", "price": "30.00", "theclass": "Abstract & Minimalist", "created_at": "2025-06-05T09:53:32.054Z"}}, {"model": "api.design", "pk": 37, "fields": {"image_url": "https://res.cloudinary.com/daalfrqob/image/upload/v1749117880/blob_v778fu.png", "user": 3, "stock": false, "modell": "iphone 12", "type": "customed clear case", "sku": "none", "price": "30.00", "theclass": "Abstract & Minimalist", "created_at": "2025-06-05T10:04:41.678Z"}}, {"model": "api.design", "pk": 38, "fields": {"image_url": "https://res.cloudinary.com/daalfrqob/image/upload/v1749117960/blob_n2xoxn.png", "user": 3, "stock": false, "modell": "iphone 12", "type": "customed clear case", "sku": "none", "price": "30.00", "theclass": "Abstract & Minimalist", "created_at": "2025-06-05T10:06:01.496Z"}}, {"model": "api.design", "pk": 39, "fields": {"image_url": "https://res.cloudinary.com/daalfrqob/image/upload/v1749121102/blob_qdahv4.png", "user": 1, "stock": true, "modell": "iphone 14 pro", "type": "customed rubber case", "sku": "PremiumPhoneCase-iPhone-14-Pro-SnapCaseGloss", "price": "30.00", "theclass": "Abstract & Minimalist", "created_at": "2025-06-05T10:58:23.675Z"}}, {"model": "api.design", "pk": 41, "fields": {"image_url": "https://res.cloudinary.com/daalfrqob/image/upload/v1749121417/blob_ai4lyt.png", "user": 1, "stock": true, "modell": "iphone 14 pro", "type": "customed rubber case", "sku": "none", "price": "30.00", "theclass": "Abstract & Minimalist", "created_at": "2025-06-05T11:03:38.398Z"}}, {"model": "api.design", "pk": 42, "fields": {"image_url": "https://res.cloudinary.com/daalfrqob/image/upload/v1749121513/blob_kcy0nn.png", "user": 3, "stock": true, "modell": "iphone 7", "type": "customed clear case", "sku": "none", "price": "30.00", "theclass": "Abstract & Minimalist", "created_at": "2025-06-05T11:05:14.026Z"}}, {"model": "api.design", "pk": 43, "fields": {"image_url": "https://res.cloudinary.com/daalfrqob/image/upload/v1749121599/blob_jv6l9p.png", "user": 1, "stock": false, "modell": "iphone 14", "type": "customed rubber case", "sku": "none", "price": "30.00", "theclass": "Abstract & Minimalist", "created_at": "2025-06-05T11:06:40.261Z"}}, {"model": "api.design", "pk": 44, "fields": {"image_url": "https://res.cloudinary.com/daalfrqob/image/upload/v1749121749/blob_qaanef.png", "user": 1, "stock": true, "modell": "iphone 14 pro", "type": "customed rubber case", "sku": "none", "price": "30.00", "theclass": "Abstract & Minimalist", "created_at": "2025-06-05T11:09:10.454Z"}}, {"model": "api.design", "pk": 45, "fields": {"image_url": "https://res.cloudinary.com/daalfrqob/image/upload/v1749121847/blob_ommuei.png", "user": 1, "stock": true, "modell": "iphone 14 pro", "type": "customed rubber case", "sku": "none", "price": "30.00", "theclass": "Abstract & Minimalist", "created_at": "2025-06-05T11:10:48.604Z"}}, {"model": "api.design", "pk": 46, "fields": {"image_url": "https://res.cloudinary.com/daalfrqob/image/upload/v1749121893/blob_cgahne.png", "user": 3, "stock": true, "modell": "iphone 7", "type": "customed clear case", "sku": "none", "price": "30.00", "theclass": "Abstract & Minimalist", "created_at": "2025-06-05T11:11:34.222Z"}}, {"model": "api.design", "pk": 47, "fields": {"image_url": "https://res.cloudinary.com/daalfrqob/image/upload/v1749121904/blob_tkg4xk.png", "user": 3, "stock": false, "modell": "samsung galaxy note 12", "type": "customed clear case", "sku": "none", "price": "30.00", "theclass": "Abstract & Minimalist", "created_at": "2025-06-05T11:11:45.822Z"}}, {"model": "api.design", "pk": 53, "fields": {"image_url": "https://res.cloudinary.com/daalfrqob/image/upload/v1749122671/blob_qvzacd.png", "user": 1, "stock": true, "modell": "iphone 16 pro", "type": "customed rubber case", "sku": "none", "price": "30.00", "theclass": "Abstract & Minimalist", "created_at": "2025-06-05T11:24:33.390Z"}}, {"model": "api.chart", "pk": 1, "fields": {"design": 1, "user": 1, "added_at": "2025-02-06T12:28:19.268Z", "price": "25.00"}}, {"model": "api.chart", "pk": 2, "fields": {"design": 5, "user": 1, "added_at": "2025-02-06T12:43:20.421Z", "price": "18.75"}}, {"model": "api.chart", "pk": 3, "fields": {"design": 10, "user": 3, "added_at": "2025-02-06T12:48:46.354Z", "price": "25.00"}}, {"model": "api.chart", "pk": 4, "fields": {"design": 6, "user": 1, "added_at": "2025-02-06T12:56:10.619Z", "price": "18.75"}}, {"model": "api.chart", "pk": 5, "fields": {"design": 6, "user": 2, "added_at": "2025-02-06T12:56:50.314Z", "price": "25.00"}}, {"model": "api.chart", "pk": 6, "fields": {"design": 5, "user": 2, "added_at": "2025-02-06T12:56:52.074Z", "price": "25.00"}}, {"model": "api.chart", "pk": 7, "fields": {"design": 14, "user": 2, "added_at": "2025-02-06T12:58:53.347Z", "price": "25.00"}}, {"model": "api.chart", "pk": 8, "fields": {"design": 19, "user": 3, "added_at": "2025-02-09T17:27:23.740Z", "price": "25.00"}}, {"model": "api.chart", "pk": 9, "fields": {"design": 19, "user": 4, "added_at": "2025-02-09T17:29:16.545Z", "price": "25.00"}}, {"model": "api.chart", "pk": 10, "fields": {"design": 1, "user": 4, "added_at": "2025-02-09T17:32:57.298Z", "price": "18.75"}}, {"model": "api.chart", "pk": 12, "fields": {"design": 5, "user": 5, "added_at": "2025-02-09T17:47:00.024Z", "price": "25.00"}}, {"model": "api.chart", "pk": 14, "fields": {"design": 1, "user": 5, "added_at": "2025-02-09T17:50:23.143Z", "price": "25.00"}}, {"model": "api.chart", "pk": 15, "fields": {"design": 6, "user": 5, "added_at": "2025-02-09T17:51:08.491Z", "price": "18.75"}}, {"model": "api.chart", "pk": 16, "fields": {"design": 1, "user": 2, "added_at": "2025-06-02T11:28:51.090Z", "price": "18.75"}}, {"model": "api.chart", "pk": 17, "fields": {"design": 27, "user": 3, "added_at": "2025-06-03T04:35:39.471Z", "price": "25.00"}}, {"model": "api.chart", "pk": 18, "fields": {"design": 29, "user": 3, "added_at": "2025-06-03T04:36:03.234Z", "price": "25.00"}}, {"model": "api.chart", "pk": 19, "fields": {"design": 9, "user": 3, "added_at": "2025-06-03T04:36:11.122Z", "price": "25.00"}}, {"model": "api.chart", "pk": 20, "fields": {"design": 28, "user": 3, "added_at": "2025-06-03T04:36:16.931Z", "price": "25.00"}}, {"model": "api.chart", "pk": 21, "fields": {"design": 6, "user": 3, "added_at": "2025-06-03T04:40:49.137Z", "price": "25.00"}}, {"model": "api.chart", "pk": 22, "fields": {"design": 1, "user": 3, "added_at": "2025-06-03T04:40:57.753Z", "price": "25.00"}}, {"model": "api.chart", "pk": 23, "fields": {"design": 28, "user": 1, "added_at": "2025-06-05T10:50:21.040Z", "price": "22.50"}}, {"model": "api.notification", "pk": 1, "fields": {"user": 1, "action_user": 1, "design": 1, "notification_type": "like", "message": "admin liked your design", "is_read": true, "created_at": "2025-02-06T12:28:09.486Z"}}, {"model": "api.notification", "pk": 2, "fields": {"user": 1, "action_user": 1, "design": 1, "notification_type": "favorite", "message": "admin favorited your design", "is_read": true, "created_at": "2025-02-06T12:28:11.765Z"}}, {"model": "api.notification", "pk": 5, "fields": {"user": 1, "action_user": 1, "design": 5, "notification_type": "like", "message": "admin liked your design", "is_read": true, "created_at": "2025-02-06T12:42:26.472Z"}}, {"model": "api.notification", "pk": 7, "fields": {"user": 1, "action_user": 1, "design": 5, "notification_type": "favorite", "message": "admin favorited your design", "is_read": true, "created_at": "2025-02-06T12:46:05.637Z"}}, {"model": "api.notification", "pk": 8, "fields": {"user": 1, "action_user": 1, "design": 9, "notification_type": "like", "message": "admin liked your design", "is_read": true, "created_at": "2025-02-06T12:55:16.740Z"}}, {"model": "api.notification", "pk": 9, "fields": {"user": 1, "action_user": 1, "design": 9, "notification_type": "favorite", "message": "admin favorited your design", "is_read": true, "created_at": "2025-02-06T12:55:17.599Z"}}, {"model": "api.notification", "pk": 10, "fields": {"user": 1, "action_user": 1, "design": 6, "notification_type": "like", "message": "admin liked your design", "is_read": true, "created_at": "2025-02-06T12:56:13.932Z"}}, {"model": "api.notification", "pk": 11, "fields": {"user": 1, "action_user": 2, "design": 1, "notification_type": "like", "message": "abdelrahman liked your design", "is_read": true, "created_at": "2025-02-06T12:56:57.928Z"}}, {"model": "api.notification", "pk": 12, "fields": {"user": 1, "action_user": 2, "design": 9, "notification_type": "like", "message": "abdelrahman liked your design", "is_read": true, "created_at": "2025-02-06T12:57:02.384Z"}}, {"model": "api.notification", "pk": 13, "fields": {"user": 2, "action_user": 2, "design": 14, "notification_type": "like", "message": "abdelrahman liked your design", "is_read": true, "created_at": "2025-02-06T12:59:01.916Z"}}, {"model": "api.notification", "pk": 14, "fields": {"user": 3, "action_user": 3, "design": 15, "notification_type": "like", "message": "ahmed liked your design", "is_read": true, "created_at": "2025-02-06T13:01:41.725Z"}}, {"model": "api.notification", "pk": 15, "fields": {"user": 3, "action_user": 3, "design": 15, "notification_type": "favorite", "message": "ahmed favorited your design", "is_read": true, "created_at": "2025-02-06T13:01:42.532Z"}}, {"model": "api.notification", "pk": 16, "fields": {"user": 4, "action_user": 4, "design": 17, "notification_type": "like", "message": "ayman liked your design", "is_read": true, "created_at": "2025-02-06T13:05:11.163Z"}}, {"model": "api.notification", "pk": 17, "fields": {"user": 2, "action_user": 2, "design": 19, "notification_type": "like", "message": "abdelrahman liked your design", "is_read": true, "created_at": "2025-02-09T17:26:24.844Z"}}, {"model": "api.notification", "pk": 18, "fields": {"user": 2, "action_user": 3, "design": 19, "notification_type": "like", "message": "ahmed liked your design", "is_read": true, "created_at": "2025-02-09T17:27:22.035Z"}}, {"model": "api.notification", "pk": 19, "fields": {"user": 2, "action_user": 3, "design": 19, "notification_type": "comment", "message": "ahmed commented on your design: cool", "is_read": true, "created_at": "2025-02-09T17:27:28.355Z"}}, {"model": "api.notification", "pk": 20, "fields": {"user": 2, "action_user": 4, "design": 19, "notification_type": "like", "message": "ayman liked your design", "is_read": true, "created_at": "2025-02-09T17:29:07.352Z"}}, {"model": "api.notification", "pk": 21, "fields": {"user": 4, "action_user": 4, "design": 20, "notification_type": "like", "message": "ayman liked your design", "is_read": true, "created_at": "2025-02-09T17:32:45.844Z"}}, {"model": "api.notification", "pk": 23, "fields": {"user": 5, "action_user": 1, "design": 21, "notification_type": "like", "message": "admin liked your design", "is_read": false, "created_at": "2025-02-09T17:43:02.666Z"}}, {"model": "api.notification", "pk": 25, "fields": {"user": 5, "action_user": 1, "design": 21, "notification_type": "like", "message": "admin liked your design", "is_read": false, "created_at": "2025-02-09T17:48:11.727Z"}}, {"model": "api.notification", "pk": 26, "fields": {"user": 5, "action_user": 5, "design": 21, "notification_type": "like", "message": "tamer liked your design", "is_read": false, "created_at": "2025-02-09T17:49:00.167Z"}}, {"model": "api.notification", "pk": 27, "fields": {"user": 5, "action_user": 2, "design": 21, "notification_type": "like", "message": "abdelrahman liked your design", "is_read": false, "created_at": "2025-02-09T17:49:47.151Z"}}, {"model": "api.notification", "pk": 28, "fields": {"user": 5, "action_user": 2, "design": 21, "notification_type": "comment", "message": "abdelrahman commented on your design: cold ash", "is_read": false, "created_at": "2025-02-09T17:49:55.768Z"}}, {"model": "api.notification", "pk": 29, "fields": {"user": 5, "action_user": 2, "design": 21, "notification_type": "favorite", "message": "abdelrahman favorited your design", "is_read": false, "created_at": "2025-02-09T17:49:56.256Z"}}, {"model": "api.notification", "pk": 30, "fields": {"user": 5, "action_user": 3, "design": 21, "notification_type": "like", "message": "ahmed liked your design", "is_read": false, "created_at": "2025-02-09T17:50:48.934Z"}}, {"model": "api.notification", "pk": 31, "fields": {"user": 1, "action_user": 1, "design": 4, "notification_type": "like", "message": "admin liked your design", "is_read": true, "created_at": "2025-02-09T17:56:47.465Z"}}, {"model": "api.notification", "pk": 32, "fields": {"user": 2, "action_user": 3, "design": 14, "notification_type": "comment", "message": "ahmed commented on your design: motivation lol", "is_read": false, "created_at": "2025-06-02T23:17:50.645Z"}}, {"model": "api.notification", "pk": 33, "fields": {"user": 2, "action_user": 3, "design": 14, "notification_type": "like", "message": "ahmed liked your design", "is_read": false, "created_at": "2025-06-02T23:17:54.653Z"}}, {"model": "api.notification", "pk": 34, "fields": {"user": 2, "action_user": 3, "design": 14, "notification_type": "comment", "message": "ahmed commented on your design: nicccccccccccceeeeeeeeee", "is_read": false, "created_at": "2025-06-02T23:17:59.357Z"}}, {"model": "api.notification", "pk": 35, "fields": {"user": 2, "action_user": 3, "design": 14, "notification_type": "comment", "message": "ahmed commented on your design: im buying this ", "is_read": false, "created_at": "2025-06-02T23:18:06.005Z"}}, {"model": "api.notification", "pk": 36, "fields": {"user": 2, "action_user": 3, "design": 14, "notification_type": "comment", "message": "ahmed commented on your design: this is amazing", "is_read": false, "created_at": "2025-06-02T23:18:12.616Z"}}, {"model": "api.notification", "pk": 41, "fields": {"user": 3, "action_user": 3, "design": 30, "notification_type": "like", "message": "ahmed liked your design", "is_read": true, "created_at": "2025-06-03T04:31:17.718Z"}}, {"model": "api.notification", "pk": 42, "fields": {"user": 3, "action_user": 3, "design": 30, "notification_type": "favorite", "message": "ahmed favorited your design", "is_read": true, "created_at": "2025-06-03T04:31:18.162Z"}}, {"model": "api.notification", "pk": 43, "fields": {"user": 3, "action_user": 3, "design": 30, "notification_type": "comment", "message": "ahmed commented on your design: asdasdasd", "is_read": true, "created_at": "2025-06-03T04:31:19.808Z"}}, {"model": "api.notification", "pk": 44, "fields": {"user": 3, "action_user": 3, "design": 30, "notification_type": "comment", "message": "ahmed commented on your design: woooooowwwwwwwwwww", "is_read": true, "created_at": "2025-06-03T04:31:25.715Z"}}, {"model": "api.notification", "pk": 45, "fields": {"user": 3, "action_user": 3, "design": 30, "notification_type": "comment", "message": "ahmed commented on your design: adasdasd", "is_read": true, "created_at": "2025-06-03T04:31:27.415Z"}}, {"model": "api.notification", "pk": 46, "fields": {"user": 5, "action_user": 3, "design": 21, "notification_type": "comment", "message": "ahmed commented on your design: not so bad", "is_read": false, "created_at": "2025-06-03T06:33:04.116Z"}}, {"model": "api.notification", "pk": 47, "fields": {"user": 5, "action_user": 3, "design": 21, "notification_type": "comment", "message": "ahmed commented on your design: sdfsdffsd", "is_read": false, "created_at": "2025-06-03T06:33:05.557Z"}}, {"model": "api.notification", "pk": 48, "fields": {"user": 5, "action_user": 3, "design": 21, "notification_type": "comment", "message": "ahmed commented on your design: asdfaf", "is_read": false, "created_at": "2025-06-03T06:33:07.102Z"}}, {"model": "api.notification", "pk": 49, "fields": {"user": 5, "action_user": 3, "design": 21, "notification_type": "comment", "message": "ahmed commented on your design: ewrerwe", "is_read": false, "created_at": "2025-06-03T06:33:08.606Z"}}, {"model": "api.notification", "pk": 50, "fields": {"user": 5, "action_user": 3, "design": 21, "notification_type": "comment", "message": "ahmed commented on your design: dsffsdfsdfsdf", "is_read": false, "created_at": "2025-06-03T06:57:12.630Z"}}, {"model": "api.notification", "pk": 51, "fields": {"user": 5, "action_user": 3, "design": 21, "notification_type": "comment", "message": "ahmed commented on your design: fsdfsdfsdf", "is_read": false, "created_at": "2025-06-03T06:57:14.587Z"}}, {"model": "api.notification", "pk": 54, "fields": {"user": 1, "action_user": 3, "design": 28, "notification_type": "like", "message": "ahmed liked your design", "is_read": true, "created_at": "2025-06-05T10:51:02.940Z"}}, {"model": "api.notification", "pk": 55, "fields": {"user": 1, "action_user": 3, "design": 28, "notification_type": "favorite", "message": "ahmed favorited your design", "is_read": true, "created_at": "2025-06-05T10:51:03.876Z"}}, {"model": "api.notification", "pk": 61, "fields": {"user": 1, "action_user": 1, "design": 28, "notification_type": "like", "message": "admin liked your design", "is_read": true, "created_at": "2025-06-05T11:36:21.475Z"}}, {"model": "api.notification", "pk": 62, "fields": {"user": 1, "action_user": 1, "design": 28, "notification_type": "favorite", "message": "admin favorited your design", "is_read": true, "created_at": "2025-06-05T11:36:23.621Z"}}, {"model": "api.customuser", "pk": 1, "fields": {"password": "pbkdf2_sha256$1000000$ia4edHdhexhEXnKKs4g1a8$ut+WRquMjkPAe52RUy2jiA57orp5taNn3hJaEN6Aup4=", "last_login": null, "is_superuser": false, "username": "admin", "first_name": "admin", "last_name": "client", "email": "sdfka@fsdfkals.com", "is_staff": false, "is_active": true, "date_joined": "2025-02-06T12:20:41.342Z", "profile_pic": "https://res.cloudinary.com/daalfrqob/image/upload/v1738844440/removal.ai__93d42e55-04b2-4fae-85a0-86a71d5bf1b2-photo_2025-01-01_15-30-26_q5nblp.png", "groups": [], "user_permissions": []}}, {"model": "api.customuser", "pk": 2, "fields": {"password": "pbkdf2_sha256$1000000$C1Mi5Z8GrQLADnowlMnlgI$Y8ilOX8rOtippNunNPofSKlOVBOh+8nA/hyubMpGF7U=", "last_login": null, "is_superuser": false, "username": "abdelrahman", "first_name": "abdelrahman", "last_name": "tarek", "email": "asjdkfl@fsdalfk.com", "is_staff": false, "is_active": true, "date_joined": "2025-02-06T12:21:45.649Z", "profile_pic": "https://res.cloudinary.com/daalfrqob/image/upload/v1738844505/c38caa7236230005eb0ab805e3b1684c_yuvpki.jpg", "groups": [], "user_permissions": []}}, {"model": "api.customuser", "pk": 3, "fields": {"password": "pbkdf2_sha256$1000000$EHnf740upAsROMh6Kq5lH7$kosKUWoA+lHclIIXwPMjS4pVc/MT8fA3BqSYECjlezo=", "last_login": null, "is_superuser": false, "username": "ahmed", "first_name": "ahmed", "last_name": "tarek", "email": "sdfkla@sdakfl.com", "is_staff": false, "is_active": true, "date_joined": "2025-02-06T12:47:16.324Z", "profile_pic": "https://res.cloudinary.com/daalfrqob/image/upload/v1738846035/97a9973f7ce1a08c162d1f7636965de6_di1muy.jpg", "groups": [], "user_permissions": []}}, {"model": "api.customuser", "pk": 4, "fields": {"password": "pbkdf2_sha256$870000$XlZFCNdqxSNRuYxQJMxgqC$ip+p9sDwUZ3ApgWUiF0ZHdksjZawTdGzLGkmDkpjwOA=", "last_login": null, "is_superuser": false, "username": "ayman", "first_name": "ayman", "last_name": "mohamed", "email": "sdfasd@sfdsdf.com", "is_staff": false, "is_active": true, "date_joined": "2025-02-06T12:49:55.671Z", "profile_pic": "https://res.cloudinary.com/daalfrqob/image/upload/v1738846195/F7kU9AUWYAAcxdt_kfd2nd.jpg", "groups": [], "user_permissions": []}}, {"model": "api.customuser", "pk": 5, "fields": {"password": "pbkdf2_sha256$870000$e15Hs2d5v2mHiqpuZVpDnl$vhw06m3tWnM/vGgKrxKO+MPl+roCNDMaM7eVTC4G6UE=", "last_login": null, "is_superuser": false, "username": "tamer", "first_name": "mo", "last_name": "tamer", "email": "ksdfa@sdaf.com", "is_staff": false, "is_active": true, "date_joined": "2025-02-09T17:41:13.743Z", "profile_pic": "https://res.cloudinary.com/daalfrqob/image/upload/v1739122871/f4ac46c4bbbb06f23f82c41bd9e3d643_vsxyf4.jpg", "groups": [], "user_permissions": []}}, {"model": "api.customuser", "pk": 6, "fields": {"password": "pbkdf2_sha256$1000000$ZbCVOeX0ImWJv7yAQFsEAm$VYJ96+A8WtQ68YRvuqFUixb6FUkYKDRZ74agqNjR5NY=", "last_login": null, "is_superuser": false, "username": "blabla", "first_name": "sdfsdfsdf", "last_name": "123123", "email": "sdfsdfsdf@sadsfasd.com", "is_staff": false, "is_active": true, "date_joined": "2025-06-05T09:43:37.327Z", "profile_pic": "https://res.cloudinary.com/daalfrqob/image/upload/v1730076406/default-avatar-profile-trendy-style-social-media-user-icon-187599373_jtpxbk.webp", "groups": [], "user_permissions": []}}, {"model": "api.like", "pk": 1, "fields": {"user": 1, "post": 1, "created_at": "2025-02-06T12:28:09.477Z"}}, {"model": "api.like", "pk": 6, "fields": {"user": 1, "post": 3, "created_at": "2025-02-06T12:55:16.731Z"}}, {"model": "api.like", "pk": 7, "fields": {"user": 1, "post": 4, "created_at": "2025-02-06T12:56:13.923Z"}}, {"model": "api.like", "pk": 8, "fields": {"user": 2, "post": 1, "created_at": "2025-02-06T12:56:57.920Z"}}, {"model": "api.like", "pk": 9, "fields": {"user": 2, "post": 3, "created_at": "2025-02-06T12:57:02.376Z"}}, {"model": "api.like", "pk": 10, "fields": {"user": 2, "post": 6, "created_at": "2025-02-06T12:59:01.907Z"}}, {"model": "api.like", "pk": 11, "fields": {"user": 3, "post": 7, "created_at": "2025-02-06T13:01:41.716Z"}}, {"model": "api.like", "pk": 12, "fields": {"user": 4, "post": 8, "created_at": "2025-02-06T13:05:11.155Z"}}, {"model": "api.like", "pk": 13, "fields": {"user": 2, "post": 10, "created_at": "2025-02-09T17:26:24.836Z"}}, {"model": "api.like", "pk": 14, "fields": {"user": 3, "post": 10, "created_at": "2025-02-09T17:27:22.024Z"}}, {"model": "api.like", "pk": 15, "fields": {"user": 4, "post": 10, "created_at": "2025-02-09T17:29:07.343Z"}}, {"model": "api.like", "pk": 16, "fields": {"user": 4, "post": 11, "created_at": "2025-02-09T17:32:45.835Z"}}, {"model": "api.like", "pk": 20, "fields": {"user": 1, "post": 13, "created_at": "2025-02-09T17:48:11.718Z"}}, {"model": "api.like", "pk": 21, "fields": {"user": 5, "post": 13, "created_at": "2025-02-09T17:49:00.158Z"}}, {"model": "api.like", "pk": 22, "fields": {"user": 2, "post": 13, "created_at": "2025-02-09T17:49:47.142Z"}}, {"model": "api.like", "pk": 23, "fields": {"user": 3, "post": 13, "created_at": "2025-02-09T17:50:48.925Z"}}, {"model": "api.like", "pk": 24, "fields": {"user": 1, "post": 16, "created_at": "2025-02-09T17:56:47.456Z"}}, {"model": "api.like", "pk": 25, "fields": {"user": 3, "post": 6, "created_at": "2025-06-02T23:17:54.650Z"}}, {"model": "api.like", "pk": 32, "fields": {"user": 1, "post": 20, "created_at": "2025-06-05T11:36:21.433Z"}}, {"model": "api.comment", "pk": 7, "fields": {"user": 1, "post": 6, "content": "sadasddas", "created_at": "2025-06-03T04:23:01.029Z"}}, {"model": "api.comment", "pk": 8, "fields": {"user": 1, "post": 6, "content": "asdasdadsda", "created_at": "2025-06-03T04:23:03.293Z"}}, {"model": "api.comment", "pk": 9, "fields": {"user": 1, "post": 6, "content": "asasdasdsad", "created_at": "2025-06-03T04:23:05.086Z"}}, {"model": "api.comment", "pk": 14, "fields": {"user": 3, "post": 13, "content": "not so bad", "created_at": "2025-06-03T06:33:04.074Z"}}, {"model": "api.comment", "pk": 15, "fields": {"user": 3, "post": 13, "content": "sdfsdffsd", "created_at": "2025-06-03T06:33:05.516Z"}}, {"model": "api.comment", "pk": 16, "fields": {"user": 3, "post": 13, "content": "asdfaf", "created_at": "2025-06-03T06:33:07.061Z"}}, {"model": "api.comment", "pk": 17, "fields": {"user": 3, "post": 13, "content": "ewrerwe", "created_at": "2025-06-03T06:33:08.556Z"}}, {"model": "api.comment", "pk": 18, "fields": {"user": 3, "post": 13, "content": "dsffsdfsdfsdf", "created_at": "2025-06-03T06:57:12.588Z"}}, {"model": "api.comment", "pk": 19, "fields": {"user": 3, "post": 13, "content": "fsdfsdfsdf", "created_at": "2025-06-03T06:57:14.546Z"}}, {"model": "api.favorite", "pk": 1, "fields": {"user": 1, "post": 1, "created_at": "2025-02-06T12:28:11.756Z"}}, {"model": "api.favorite", "pk": 3, "fields": {"user": 1, "post": 3, "created_at": "2025-02-06T12:55:17.590Z"}}, {"model": "api.favorite", "pk": 4, "fields": {"user": 3, "post": 7, "created_at": "2025-02-06T13:01:42.523Z"}}, {"model": "api.favorite", "pk": 5, "fields": {"user": 2, "post": 13, "created_at": "2025-02-09T17:49:56.249Z"}}, {"model": "api.favorite", "pk": 9, "fields": {"user": 1, "post": 20, "created_at": "2025-06-05T11:36:23.618Z"}}, {"model": "api.order", "pk": 1, "fields": {"image_url": "https://res.cloudinary.com/daalfrqob/image/upload/v1738845441/blob_bnkt7u.png", "user": 2, "sku": "PremiumPhoneCase-iPhone-14-Pro-Max-ToughCaseGloss", "modell": "iphone 14 pro max", "type": "customed rubber case", "email": "abdelrahamn@gmail.com", "first_name": "abdelrahman", "last_name": "tarek", "phone_number": 123123213, "address": "rahma st", "city": "tanta", "country": "Egypt", "price": "18.75", "quantity": 2, "created_at": "2025-06-02T11:28:37.683Z", "status": "shipped"}}, {"model": "api.order", "pk": 2, "fields": {"image_url": "https://res.cloudinary.com/daalfrqob/image/upload/v1738844688/blob_abm8sp.png", "user": 2, "sku": "PremiumPhoneCase-iPhone-15-ToughCaseGloss", "modell": "iphone 15", "type": "customed rubber case", "email": "ahmed2342@gmail.com", "first_name": "ahmed", "last_name": "ayman", "phone_number": 142412421, "address": "rahma st", "city": "cairo", "country": "Egypt", "price": "18.75", "quantity": 4, "created_at": "2025-06-02T11:31:22.984Z", "status": "processing"}}, {"model": "api.order", "pk": 3, "fields": {"image_url": "https://res.cloudinary.com/daalfrqob/image/upload/v1739124583/blob_kezkc0.png", "user": 3, "sku": "PremiumPhoneCase-iPhone-14-SnapCaseGloss", "modell": "iphone 14", "type": "customed rubber case", "email": "tboody23456@gmail.com", "first_name": "ahmed", "last_name": "tarek", "phone_number": 23412412, "address": "Maady", "city": "Alex", "country": "US", "price": "25.00", "quantity": 2, "created_at": "2025-06-03T05:13:32.676Z", "status": "canceled"}}, {"model": "api.order", "pk": 4, "fields": {"image_url": "https://res.cloudinary.com/daalfrqob/image/upload/v1739124513/blob_yxcl54.png", "user": 1, "sku": "none", "modell": "iphone 7", "type": "customed clear case", "email": "sdfsdfsdf@gmail.com", "first_name": "abdelrahman", "last_name": "tarek", "phone_number": 123213123, "address": "rahma st", "city": "tanta", "country": "Egypt", "price": "22.50", "quantity": 2, "created_at": "2025-06-05T11:50:14.066Z", "status": "delivered"}}, {"model": "api.order", "pk": 5, "fields": {"image_url": "https://res.cloudinary.com/daalfrqob/image/upload/v1738845441/blob_bnkt7u.png", "user": 1, "sku": "PremiumPhoneCase-iPhone-14-Pro-Max-ToughCaseGloss", "modell": "iphone 14 pro max", "type": "customed rubber case", "email": "fsdfsdf@fsdf.com", "first_name": "abdelrahman", "last_name": "tarek", "phone_number": 123123, "address": "rahma st", "city": "tanta", "country": "Egypt", "price": "18.75", "quantity": 1, "created_at": "2025-06-05T11:56:59.260Z", "status": "processing"}}, {"model": "api.phoneproduct", "pk": 1, "fields": {"type": "customed rubber case", "modell": "iphone 14", "stock": false, "price": "30.00"}}, {"model": "api.phoneproduct", "pk": 2, "fields": {"type": "customed rubber case", "modell": "iphone 14 plus", "stock": true, "price": "30.00"}}, {"model": "api.phoneproduct", "pk": 3, "fields": {"type": "customed rubber case", "modell": "iphone 14 pro", "stock": true, "price": "30.00"}}, {"model": "api.phoneproduct", "pk": 4, "fields": {"type": "customed rubber case", "modell": "iphone 14 pro max", "stock": true, "price": "30.00"}}, {"model": "api.phoneproduct", "pk": 6, "fields": {"type": "customed rubber case", "modell": "iphone 15", "stock": true, "price": "30.00"}}, {"model": "api.phoneproduct", "pk": 7, "fields": {"type": "customed rubber case", "modell": "iphone 15 plus", "stock": true, "price": "30.00"}}, {"model": "api.phoneproduct", "pk": 8, "fields": {"type": "customed rubber case", "modell": "iphone 15 pro", "stock": true, "price": "30.00"}}, {"model": "api.phoneproduct", "pk": 9, "fields": {"type": "customed rubber case", "modell": "iphone 15 pro max", "stock": true, "price": "30.00"}}, {"model": "api.phoneproduct", "pk": 10, "fields": {"type": "customed rubber case", "modell": "iphone 16 pro", "stock": true, "price": "30.00"}}, {"model": "api.phoneproduct", "pk": 11, "fields": {"type": "customed rubber case", "modell": "iphone 16 max", "stock": true, "price": "30.00"}}, {"model": "api.phoneproduct", "pk": 12, "fields": {"type": "customed clear case", "modell": "iphone se", "stock": false, "price": "30.00"}}, {"model": "api.phoneproduct", "pk": 13, "fields": {"type": "customed clear case", "modell": "iphone 7", "stock": true, "price": "30.00"}}, {"model": "api.phoneproduct", "pk": 14, "fields": {"type": "customed clear case", "modell": "iphone 8", "stock": false, "price": "30.00"}}, {"model": "api.phoneproduct", "pk": 15, "fields": {"type": "customed clear case", "modell": "iphone 12", "stock": false, "price": "30.00"}}, {"model": "api.phoneproduct", "pk": 16, "fields": {"type": "customed clear case", "modell": "iphone 12 mini", "stock": false, "price": "30.00"}}, {"model": "api.phoneproduct", "pk": 17, "fields": {"type": "customed clear case", "modell": "iphone 12 pro", "stock": false, "price": "30.00"}}, {"model": "api.phoneproduct", "pk": 18, "fields": {"type": "customed clear case", "modell": "iphone 12 pro max", "stock": false, "price": "30.00"}}, {"model": "api.phoneproduct", "pk": 19, "fields": {"type": "customed clear case", "modell": "iphone 13", "stock": false, "price": "30.00"}}, {"model": "api.phoneproduct", "pk": 20, "fields": {"type": "customed clear case", "modell": "iphone 13 mini", "stock": false, "price": "30.00"}}, {"model": "api.phoneproduct", "pk": 21, "fields": {"type": "customed clear case", "modell": "iphone 13 pro", "stock": false, "price": "30.00"}}, {"model": "api.phoneproduct", "pk": 22, "fields": {"type": "customed clear case", "modell": "iphone 13 pro max", "stock": false, "price": "30.00"}}, {"model": "api.phoneproduct", "pk": 23, "fields": {"type": "customed clear case", "modell": "iphone 14", "stock": false, "price": "30.00"}}, {"model": "api.phoneproduct", "pk": 24, "fields": {"type": "customed clear case", "modell": "iphone 14 plus", "stock": false, "price": "30.00"}}, {"model": "api.phoneproduct", "pk": 25, "fields": {"type": "customed clear case", "modell": "iphone 14 pro", "stock": false, "price": "30.00"}}, {"model": "api.phoneproduct", "pk": 26, "fields": {"type": "customed clear case", "modell": "iphone 14 pro max", "stock": false, "price": "30.00"}}, {"model": "api.phoneproduct", "pk": 27, "fields": {"type": "customed clear case", "modell": "samsung a34", "stock": false, "price": "30.00"}}, {"model": "api.phoneproduct", "pk": 28, "fields": {"type": "customed clear case", "modell": "samsung a54", "stock": false, "price": "30.00"}}, {"model": "api.phoneproduct", "pk": 29, "fields": {"type": "customed clear case", "modell": "samsung galaxy note 8", "stock": false, "price": "30.00"}}, {"model": "api.phoneproduct", "pk": 30, "fields": {"type": "customed clear case", "modell": "samsung galaxy note 12", "stock": false, "price": "30.00"}}, {"model": "api.phoneproduct", "pk": 31, "fields": {"type": "customed clear case", "modell": "samsung galaxy s23", "stock": false, "price": "30.00"}}, {"model": "api.phoneproduct", "pk": 32, "fields": {"type": "customed clear case", "modell": "oppo a60", "stock": false, "price": "30.00"}}, {"model": "api.phoneproduct", "pk": 33, "fields": {"type": "customed clear case", "modell": "oppo reno 4z", "stock": false, "price": "30.00"}}, {"model": "api.phoneproduct", "pk": 34, "fields": {"type": "customed clear case", "modell": "oppo reno 5 lite", "stock": false, "price": "30.00"}}, {"model": "api.phoneproduct", "pk": 35, "fields": {"type": "customed clear case", "modell": "oppo reno 6", "stock": false, "price": "30.00"}}, {"model": "api.phoneproduct", "pk": 36, "fields": {"type": "customed clear case", "modell": "oppo reno 12", "stock": false, "price": "30.00"}}, {"model": "api.phoneproduct", "pk": 37, "fields": {"type": "customed clear case", "modell": "redmi 13 pro", "stock": false, "price": "30.00"}}, {"model": "api.phoneproduct", "pk": 38, "fields": {"type": "customed clear case", "modell": "redmi a3", "stock": false, "price": "30.00"}}, {"model": "api.phoneproduct", "pk": 39, "fields": {"type": "customed clear case", "modell": "redmi note 12", "stock": false, "price": "30.00"}}, {"model": "api.phoneproduct", "pk": 40, "fields": {"type": "customed clear case", "modell": "redmi note 11 pro", "stock": false, "price": "30.00"}}, {"model": "api.phoneproduct", "pk": 41, "fields": {"type": "customed clear case", "modell": "redmi note 10", "stock": false, "price": "30.00"}}]